company_name,company_website,description
Datadog,https://www.datadoghq.com,Cloud-scale monitoring and security platform for infrastructure and applications. SaaS observability product with log management and APM.
Accenture,https://www.accenture.com,Global management consulting and professional services firm providing strategy and IT consulting to clients.
HubSpot,https://www.hubspot.com,CRM platform with marketing automation software and sales tools built as a SaaS product.
DHL Supply Chain,https://www.dhl.com,Global logistics and freight forwarding company providing warehousing and transportation services.
Veeva Systems,https://www.veeva.com,Cloud software platform for the global life sciences industry. Proprietary CRM and content management SaaS products.
McKinsey & Company,https://www.mckinsey.com,Global management consulting firm advising corporations and governments on strategy and operations.
Samsara,https://www.samsara.com,IoT platform for fleet management and industrial operations. Connected operations cloud with GPS tracking and sensor data.
Randstad,https://www.randstad.com,Global staffing and recruitment agency providing temporary and permanent HR services.
Toast,https://pos.toasttab.com,Restaurant management SaaS platform with POS hardware and software for the food service industry.
Wipro,https://www.wipro.com,IT consulting and business process outsourcing services company delivering custom software development for clients.
Procore Technologies,https://www.procore.com,Cloud-based construction management software platform connecting project stakeholders through proprietary SaaS tools.
Sodexo,https://www.sodexo.com,Facilities management and food services company providing catering and building maintenance.
Klaviyo,https://www.klaviyo.com,Marketing automation SaaS platform for e-commerce with email and SMS campaign tools.
Caterpillar,https://www.caterpillar.com,Heavy equipment and machinery manufacturer for construction and mining industries.
Miro,https://www.miro.com,Online collaborative whiteboard SaaS platform for distributed teams with real-time visual collaboration tools.
